Week,SAGFedWeight,ControlFedWeight
1,14.76477,15.36218
2,23.81842,20.07102
3,30.05823,21.14539
4,30.05823,21.14539